Student_ID,Branch,Python_Score,SQL_Score,Aptitude_Score,Communication_Score,Projects_Completed,Mock_Interviews_Attended
S0001,ECE,49,31,30,29,1,5
S0002,IT,51,57,31,63,2,4
S0003,ECE,45,42,49,40,0,2
S0004,ECE,38,63,75,60,1,2
S0005,IT,54,42,26,27,1,2
S0006,ECE,73,70,52,31,3,7
S0007,ECE,53,67,62,20,2,5
S0008,IT,68,78,84,66,3,1
S0009,ECE,74,62,80,58,2,2
S0010,ECE,75,100,100,72,5,6
S0011,CSE,42,46,59,33,3,2
S0012,ECE,45,34,43,30,1,1
S0013,IT,68,70,84,64,3,5
S0014,ECE,90,76,91,77,5,3
S0015,CSE,81,87,84,48,3,4
S0016,ECE,48,72,67,40,2,7
S0017,CSE,75,91,80,56,3,4
S0018,IT,42,46,54,0,3,2
S0019,ECE,71,78,50,30,4,3
S0020,IT,57,71,61,75,0,2
S0021,MECH,50,50,29,5,2,5
S0022,CSE,66,58,50,52,2,2
S0023,ECE,84,66,72,41,5,2
S0024,CSE,100,99,71,71,5,3
S0025,MECH,49,72,44,56,4,2
S0026,CSE,98,95,70,75,4,3
S0027,IT,57,71,31,30,4,5
S0028,IT,78,85,59,41,3,2
S0029,IT,68,95,84,70,3,5
S0030,CSE,41,30,47,49,1,1
S0031,CSE,29,44,19,25,2,2
S0032,ECE,82,69,69,86,4,3
S0033,IT,58,67,59,37,3,3
S0034,MECH,74,96,80,40,3,1
S0035,MECH,83,62,69,58,3,4
S0036,CSE,71,76,88,56,3,7
S0037,IT,75,61,62,58,3,0
S0038,CSE,53,49,35,10,2,2
S0039,ECE,83,87,84,70,4,6
S0040,CSE,73,77,45,59,0,1
S0041,IT,36,58,58,31,3,3
S0042,CSE,100,100,100,100,5,2
S0043,CSE,88,87,95,73,4,5
S0044,CSE,78,74,65,45,4,5
S0045,CSE,78,78,74,50,3,3
S0046,CSE,89,75,43,61,4,7
S0047,ECE,58,73,62,87,4,2
S0048,IT,54,32,23,10,2,3
S0049,MECH,44,63,69,23,2,1
S0050,CSE,100,62,88,68,2,4
S0051,ECE,61,59,72,40,4,1
S0052,IT,52,70,49,41,2,0
S0053,CSE,61,58,54,57,4,5
S0054,CSE,56,53,35,36,1,3
S0055,CSE,76,92,47,41,4,3
S0056,IT,94,81,42,44,5,4
S0057,CSE,66,58,81,30,4,6
S0058,ECE,100,83,72,56,4,4
S0059,ECE,76,75,72,69,5,3
S0060,CSE,75,85,79,54,4,5
S0061,ECE,55,72,50,45,1,3
S0062,IT,61,47,28,15,2,5
S0063,IT,65,44,19,9,1,0
S0064,IT,59,50,55,47,2,6
S0065,CSE,68,61,45,57,1,0
S0066,CSE,75,75,72,65,3,6
S0067,ECE,84,42,75,34,4,3
S0068,ECE,51,49,57,64,3,2
S0069,MECH,44,53,59,18,3,3
S0070,ECE,53,60,50,37,3,4
S0071,CSE,59,43,46,41,3,1
S0072,CSE,74,83,74,37,4,4
S0073,CSE,58,75,53,44,2,0
S0074,MECH,44,70,63,58,4,5
S0075,ECE,98,91,100,93,6,3
S0076,IT,32,45,26,0,1,4
S0077,CSE,70,54,61,32,3,3
S0078,CSE,77,63,77,71,5,2
S0079,IT,68,58,68,47,3,2
S0080,CSE,45,68,41,44,4,3
S0081,CSE,70,65,51,28,0,5
S0082,CSE,44,68,77,27,1,4
S0083,ECE,74,74,57,44,2,10
S0084,CSE,95,90,67,73,4,2
S0085,IT,59,54,46,65,4,4
S0086,ECE,46,74,64,37,3,2
S0087,CSE,71,34,67,18,1,3
S0088,CSE,85,100,72,76,5,6
S0089,CSE,72,82,82,68,4,3
S0090,CSE,79,53,81,61,0,2
S0091,CSE,100,85,82,75,4,5
S0092,CSE,45,31,43,13,3,0
S0093,ECE,80,72,100,67,5,3
S0094,CSE,78,84,65,57,4,1
S0095,CSE,51,33,51,33,2,4
S0096,IT,48,39,51,10,1,4
S0097,IT,96,64,69,39,2,6
S0098,ECE,46,30,19,21,1,3
S0099,CSE,28,50,20,41,2,3
S0100,CSE,94,75,55,45,2,1
S0101,ECE,55,60,36,43,2,3
S0102,IT,67,68,45,64,4,0
S0103,IT,76,67,62,76,1,6
S0104,IT,74,60,60,26,3,7
S0105,IT,82,97,94,55,5,5
S0106,CSE,85,30,39,23,2,3
S0107,ECE,57,40,43,39,2,5
S0108,CSE,80,98,71,53,2,1
S0109,CSE,93,85,85,47,2,1
S0110,CSE,82,68,72,27,4,4
S0111,CSE,58,74,53,38,3,2
S0112,MECH,69,89,77,65,3,2
S0113,CSE,35,38,28,29,2,6
S0114,CSE,67,71,76,53,4,4
S0115,IT,50,61,46,38,1,2
S0116,CSE,65,60,52,38,5,3
S0117,IT,66,59,47,27,3,0
S0118,MECH,61,44,51,49,5,0
S0119,CSE,92,100,97,92,3,5
S0120,IT,83,70,77,61,4,6
