,Student_ID,Branch,Python_Score,SQL_Score,Aptitude_Score,Communication_Score,Projects_Completed,Mock_Interviews_Attended,Total_Score,Average_Score,Weakest_Score,Readiness_Score,Readiness_band
0,S0001,ECE,49,31,30,29,1,5,139,34.75,29,41.75,Needs Work
1,S0002,IT,51,57,31,63,2,4,202,50.5,31,58.5,Needs Work
2,S0003,ECE,45,42,49,40,0,2,176,44.0,40,46.0,Needs Work
3,S0004,ECE,38,63,75,60,1,2,236,59.0,38,63.0,Almost Ready
4,S0005,IT,54,42,26,27,1,2,149,37.25,26,41.25,Needs Work
5,S0006,ECE,73,70,52,31,3,7,226,56.5,31,69.5,Almost Ready
6,S0007,ECE,53,67,62,20,2,5,202,50.5,20,59.5,Needs Work
7,S0008,IT,68,78,84,66,3,1,296,74.0,66,81.0,Ready
8,S0009,ECE,74,62,80,58,2,2,274,68.5,58,74.5,Almost Ready
9,S0010,ECE,75,100,100,72,5,6,347,86.75,72,100.0,Ready
10,S0011,CSE,42,46,59,33,3,2,180,45.0,33,53.0,Needs Work
11,S0012,ECE,45,34,43,30,1,1,152,38.0,30,41.0,Needs Work
12,S0013,IT,68,70,84,64,3,5,286,71.5,64,82.5,Ready
13,S0014,ECE,90,76,91,77,5,3,334,83.5,76,96.5,Ready
14,S0015,CSE,81,87,84,48,3,4,300,75.0,48,85.0,Ready
15,S0016,ECE,48,72,67,40,2,7,227,56.75,40,67.75,Almost Ready
16,S0017,CSE,75,91,80,56,3,4,302,75.5,56,85.5,Ready
17,S0018,IT,42,46,54,0,3,2,142,35.5,0,43.5,Needs Work
18,S0019,ECE,71,78,50,30,4,3,229,57.25,30,68.25,Almost Ready
19,S0020,IT,57,71,61,75,0,2,264,66.0,57,68.0,Almost Ready
20,S0021,MECH,50,50,29,5,2,5,134,33.5,5,42.5,Needs Work
21,S0022,CSE,66,58,50,52,2,2,226,56.5,50,62.5,Almost Ready
22,S0023,ECE,84,66,72,41,5,2,263,65.75,41,77.75,Ready
23,S0024,CSE,100,99,71,71,5,3,341,85.25,71,98.25,Ready
24,S0025,MECH,49,72,44,56,4,2,221,55.25,44,65.25,Almost Ready
25,S0026,CSE,98,95,70,75,4,3,338,84.5,70,95.5,Ready
26,S0027,IT,57,71,31,30,4,5,189,47.25,30,60.25,Almost Ready
27,S0028,IT,78,85,59,41,3,2,263,65.75,41,73.75,Almost Ready
28,S0029,IT,68,95,84,70,3,5,317,79.25,68,90.25,Ready
29,S0030,CSE,41,30,47,49,1,1,167,41.75,30,44.75,Needs Work
30,S0031,CSE,29,44,19,25,2,2,117,29.25,19,35.25,Needs Work
31,S0032,ECE,82,69,69,86,4,3,306,76.5,69,87.5,Ready
32,S0033,IT,58,67,59,37,3,3,221,55.25,37,64.25,Almost Ready
33,S0034,MECH,74,96,80,40,3,1,290,72.5,40,79.5,Ready
34,S0035,MECH,83,62,69,58,3,4,272,68.0,58,78.0,Ready
35,S0036,CSE,71,76,88,56,3,7,291,72.75,56,85.75,Ready
36,S0037,IT,75,61,62,58,3,0,256,64.0,58,70.0,Almost Ready
37,S0038,CSE,53,49,35,10,2,2,147,36.75,10,42.75,Needs Work
38,S0039,ECE,83,87,84,70,4,6,324,81.0,70,95.0,Ready
39,S0040,CSE,73,77,45,59,0,1,254,63.5,45,64.5,Almost Ready
40,S0041,IT,36,58,58,31,3,3,183,45.75,31,54.75,Needs Work
41,S0042,CSE,100,100,100,100,5,2,400,100.0,100,100.0,Ready
42,S0043,CSE,88,87,95,73,4,5,343,85.75,73,98.75,Ready
43,S0044,CSE,78,74,65,45,4,5,262,65.5,45,78.5,Ready
44,S0045,CSE,78,78,74,50,3,3,280,70.0,50,79.0,Ready
45,S0046,CSE,89,75,43,61,4,7,268,67.0,43,82.0,Ready
46,S0047,ECE,58,73,62,87,4,2,280,70.0,58,80.0,Ready
47,S0048,IT,54,32,23,10,2,3,119,29.75,10,36.75,Needs Work
48,S0049,MECH,44,63,69,23,2,1,199,49.75,23,54.75,Needs Work
49,S0050,CSE,100,62,88,68,2,4,318,79.5,62,87.5,Ready
50,S0051,ECE,61,59,72,40,4,1,232,58.0,40,67.0,Almost Ready
51,S0052,IT,52,70,49,41,2,0,212,53.0,41,57.0,Needs Work
52,S0053,CSE,61,58,54,57,4,5,230,57.5,54,70.5,Almost Ready
53,S0054,CSE,56,53,35,36,1,3,180,45.0,35,50.0,Needs Work
54,S0055,CSE,76,92,47,41,4,3,256,64.0,41,75.0,Ready
55,S0056,IT,94,81,42,44,5,4,261,65.25,42,79.25,Ready
56,S0057,CSE,66,58,81,30,4,6,235,58.75,30,72.75,Almost Ready
57,S0058,ECE,100,83,72,56,4,4,311,77.75,56,89.75,Ready
58,S0059,ECE,76,75,72,69,5,3,292,73.0,69,86.0,Ready
59,S0060,CSE,75,85,79,54,4,5,293,73.25,54,86.25,Ready
60,S0061,ECE,55,72,50,45,1,3,222,55.5,45,60.5,Almost Ready
61,S0062,IT,61,47,28,15,2,5,151,37.75,15,46.75,Needs Work
62,S0063,IT,65,44,19,9,1,0,137,34.25,9,36.25,Needs Work
63,S0064,IT,59,50,55,47,2,6,211,52.75,47,62.75,Almost Ready
64,S0065,CSE,68,61,45,57,1,0,231,57.75,45,59.75,Needs Work
65,S0066,CSE,75,75,72,65,3,6,287,71.75,65,83.75,Ready
66,S0067,ECE,84,42,75,34,4,3,235,58.75,34,69.75,Almost Ready
67,S0068,ECE,51,49,57,64,3,2,221,55.25,49,63.25,Almost Ready
68,S0069,MECH,44,53,59,18,3,3,174,43.5,18,52.5,Needs Work
69,S0070,ECE,53,60,50,37,3,4,200,50.0,37,60.0,Almost Ready
70,S0071,CSE,59,43,46,41,3,1,189,47.25,41,54.25,Needs Work
71,S0072,CSE,74,83,74,37,4,4,268,67.0,37,79.0,Ready
72,S0073,CSE,58,75,53,44,2,0,230,57.5,44,61.5,Almost Ready
73,S0074,MECH,44,70,63,58,4,5,235,58.75,44,71.75,Almost Ready
74,S0075,ECE,98,91,100,93,6,3,382,95.5,91,100.0,Ready
75,S0076,IT,32,45,26,0,1,4,103,25.75,0,31.75,Needs Work
76,S0077,CSE,70,54,61,32,3,3,217,54.25,32,63.25,Almost Ready
77,S0078,CSE,77,63,77,71,5,2,288,72.0,63,84.0,Ready
78,S0079,IT,68,58,68,47,3,2,241,60.25,47,68.25,Almost Ready
79,S0080,CSE,45,68,41,44,4,3,198,49.5,41,60.5,Almost Ready
80,S0081,CSE,70,65,51,28,0,5,214,53.5,28,58.5,Needs Work
81,S0082,CSE,44,68,77,27,1,4,216,54.0,27,60.0,Almost Ready
82,S0083,ECE,74,74,57,44,2,10,249,62.25,44,76.25,Ready
83,S0084,CSE,95,90,67,73,4,2,325,81.25,67,91.25,Ready
84,S0085,IT,59,54,46,65,4,4,224,56.0,46,68.0,Almost Ready
85,S0086,ECE,46,74,64,37,3,2,221,55.25,37,63.25,Almost Ready
86,S0087,CSE,71,34,67,18,1,3,190,47.5,18,52.5,Needs Work
87,S0088,CSE,85,100,72,76,5,6,333,83.25,72,99.25,Ready
88,S0089,CSE,72,82,82,68,4,3,304,76.0,68,87.0,Ready
89,S0090,CSE,79,53,81,61,0,2,274,68.5,53,70.5,Almost Ready
90,S0091,CSE,100,85,82,75,4,5,342,85.5,75,98.5,Ready
91,S0092,CSE,45,31,43,13,3,0,132,33.0,13,39.0,Needs Work
92,S0093,ECE,80,72,100,67,5,3,319,79.75,67,92.75,Ready
93,S0094,CSE,78,84,65,57,4,1,284,71.0,57,80.0,Ready
94,S0095,CSE,51,33,51,33,2,4,168,42.0,33,50.0,Needs Work
95,S0096,IT,48,39,51,10,1,4,148,37.0,10,43.0,Needs Work
96,S0097,IT,96,64,69,39,2,6,268,67.0,39,77.0,Ready
97,S0098,ECE,46,30,19,21,1,3,116,29.0,19,34.0,Needs Work
98,S0099,CSE,28,50,20,41,2,3,139,34.75,20,41.75,Needs Work
99,S0100,CSE,94,75,55,45,2,1,269,67.25,45,72.25,Almost Ready
100,S0101,ECE,55,60,36,43,2,3,194,48.5,36,55.5,Needs Work
101,S0102,IT,67,68,45,64,4,0,244,61.0,45,69.0,Almost Ready
102,S0103,IT,76,67,62,76,1,6,281,70.25,62,78.25,Ready
103,S0104,IT,74,60,60,26,3,7,220,55.0,26,68.0,Almost Ready
104,S0105,IT,82,97,94,55,5,5,328,82.0,55,97.0,Ready
105,S0106,CSE,85,30,39,23,2,3,177,44.25,23,51.25,Needs Work
106,S0107,ECE,57,40,43,39,2,5,179,44.75,39,53.75,Needs Work
107,S0108,CSE,80,98,71,53,2,1,302,75.5,53,80.5,Ready
108,S0109,CSE,93,85,85,47,2,1,310,77.5,47,82.5,Ready
109,S0110,CSE,82,68,72,27,4,4,249,62.25,27,74.25,Almost Ready
110,S0111,CSE,58,74,53,38,3,2,223,55.75,38,63.75,Almost Ready
111,S0112,MECH,69,89,77,65,3,2,300,75.0,65,83.0,Ready
112,S0113,CSE,35,38,28,29,2,6,130,32.5,28,42.5,Needs Work
113,S0114,CSE,67,71,76,53,4,4,267,66.75,53,78.75,Ready
114,S0115,IT,50,61,46,38,1,2,195,48.75,38,52.75,Needs Work
115,S0116,CSE,65,60,52,38,5,3,215,53.75,38,66.75,Almost Ready
116,S0117,IT,66,59,47,27,3,0,199,49.75,27,55.75,Needs Work
117,S0118,MECH,61,44,51,49,5,0,205,51.25,44,61.25,Almost Ready
118,S0119,CSE,92,100,97,92,3,5,381,95.25,92,100.0,Ready
119,S0120,IT,83,70,77,61,4,6,291,72.75,61,86.75,Ready
